﻿FREQ,Frequenza,REF_AREA,Territorio,DATA_TYPE,Indicatore,Tempo (TIME_PERIOD),Osservazione,OBS_STATUS,Stato dell osservazione
A,Annuale,IT,Italia,INCID_POVREL_INDIV,Incidenza di povertà relativa individuale (% di persone che vivono in famiglie in povertà relativa sui residenti),2020,13.3,,
A,Annuale,ITCD,Nord,INCID_POVREL_INDIV,Incidenza di povertà relativa individuale (% di persone che vivono in famiglie in povertà relativa sui residenti),2020,8.5,,
A,Annuale,ITC,Nord-ovest,INCID_POVREL_INDIV,Incidenza di povertà relativa individuale (% di persone che vivono in famiglie in povertà relativa sui residenti),2020,9.1,,
A,Annuale,ITC1,Piemonte,INCID_POVREL_INDIV,Incidenza di povertà relativa individuale (% di persone che vivono in famiglie in povertà relativa sui residenti),2020,8.9,,
A,Annuale,ITC2,'Valle d"'Aosta / Vallée d"'Aoste',INCID_POVREL_INDIV,Incidenza di povertà relativa individuale (% di persone che vivono in famiglie in povertà relativa sui residenti),2020,6.3,,
A,Annuale,ITC3,Liguria,INCID_POVREL_INDIV,Incidenza di povertà relativa individuale (% di persone che vivono in famiglie in povertà relativa sui residenti),2020,10.6,,
A,Annuale,ITC4,Lombardia,INCID_POVREL_INDIV,Incidenza di povertà relativa individuale (% di persone che vivono in famiglie in povertà relativa sui residenti),2020,9,,
A,Annuale,ITD,Nord-est,INCID_POVREL_INDIV,Incidenza di povertà relativa individuale (% di persone che vivono in famiglie in povertà relativa sui residenti),2020,7.5,,
A,Annuale,ITDA,Trentino Alto Adige / Südtirol,INCID_POVREL_INDIV,Incidenza di povertà relativa individuale (% di persone che vivono in famiglie in povertà relativa sui residenti),2020,4.8,,
A,Annuale,ITD1,Provincia Autonoma Bolzano / Bozen,INCID_POVREL_INDIV,Incidenza di povertà relativa individuale (% di persone che vivono in famiglie in povertà relativa sui residenti),2020,3.3,,
A,Annuale,ITD2,Provincia Autonoma Trento,INCID_POVREL_INDIV,Incidenza di povertà relativa individuale (% di persone che vivono in famiglie in povertà relativa sui residenti),2020,6.3,,
A,Annuale,ITD3,Veneto,INCID_POVREL_INDIV,Incidenza di povertà relativa individuale (% di persone che vivono in famiglie in povertà relativa sui residenti),2020,8,,
A,Annuale,ITD4,Friuli-Venezia Giulia,INCID_POVREL_INDIV,Incidenza di povertà relativa individuale (% di persone che vivono in famiglie in povertà relativa sui residenti),2020,7.8,,
A,Annuale,ITD5,Emilia-Romagna,INCID_POVREL_INDIV,Incidenza di povertà relativa individuale (% di persone che vivono in famiglie in povertà relativa sui residenti),2020,7.6,,
A,Annuale,ITE,Centro,INCID_POVREL_INDIV,Incidenza di povertà relativa individuale (% di persone che vivono in famiglie in povertà relativa sui residenti),2020,8.2,,
A,Annuale,ITE1,Toscana,INCID_POVREL_INDIV,Incidenza di povertà relativa individuale (% di persone che vivono in famiglie in povertà relativa sui residenti),2020,7.8,,
A,Annuale,ITE2,Umbria,INCID_POVREL_INDIV,Incidenza di povertà relativa individuale (% di persone che vivono in famiglie in povertà relativa sui residenti),2020,10.8,,
A,Annuale,ITE3,Marche,INCID_POVREL_INDIV,Incidenza di povertà relativa individuale (% di persone che vivono in famiglie in povertà relativa sui residenti),2020,14.6,,
A,Annuale,ITE4,Lazio,INCID_POVREL_INDIV,Incidenza di povertà relativa individuale (% di persone che vivono in famiglie in povertà relativa sui residenti),2020,6.4,,
A,Annuale,ITFG,Mezzogiorno,INCID_POVREL_INDIV,Incidenza di povertà relativa individuale (% di persone che vivono in famiglie in povertà relativa sui residenti),2020,22.9,,
A,Annuale,ITF,Sud,INCID_POVREL_INDIV,Incidenza di povertà relativa individuale (% di persone che vivono in famiglie in povertà relativa sui residenti),2020,24,,
A,Annuale,ITF1,Abruzzo,INCID_POVREL_INDIV,Incidenza di povertà relativa individuale (% di persone che vivono in famiglie in povertà relativa sui residenti),2020,15.5,,
A,Annuale,ITF2,Molise,INCID_POVREL_INDIV,Incidenza di povertà relativa individuale (% di persone che vivono in famiglie in povertà relativa sui residenti),2020,21.4,,
A,Annuale,ITF3,Campania,INCID_POVREL_INDIV,Incidenza di povertà relativa individuale (% di persone che vivono in famiglie in povertà relativa sui residenti),2020,26.3,,
A,Annuale,ITF4,Puglia,INCID_POVREL_INDIV,Incidenza di povertà relativa individuale (% di persone che vivono in famiglie in povertà relativa sui residenti),2020,23.2,,
A,Annuale,ITF5,Basilicata,INCID_POVREL_INDIV,Incidenza di povertà relativa individuale (% di persone che vivono in famiglie in povertà relativa sui residenti),2020,27,,
A,Annuale,ITF6,Calabria,INCID_POVREL_INDIV,Incidenza di povertà relativa individuale (% di persone che vivono in famiglie in povertà relativa sui residenti),2020,24.1,,
A,Annuale,ITG,Isole,INCID_POVREL_INDIV,Incidenza di povertà relativa individuale (% di persone che vivono in famiglie in povertà relativa sui residenti),2020,20.7,,
A,Annuale,ITG1,Sicilia,INCID_POVREL_INDIV,Incidenza di povertà relativa individuale (% di persone che vivono in famiglie in povertà relativa sui residenti),2020,22,,
A,Annuale,ITG2,Sardegna,INCID_POVREL_INDIV,Incidenza di povertà relativa individuale (% di persone che vivono in famiglie in povertà relativa sui residenti),2020,16.6,,
